id,trigger,conditions,script,text,options,notes
#RULESET_NAME UFP,,,,,,
,,,,,,
# PRAS MANSION,,,,,,
ufp_pras_greeting,PickGreeting,$id == pras_mr_contact score:2000,ShowPersonVisual Event_PrasVerification hello FireAll ufp_pras_greeting_main_opts,"(Mr. Pras looks up from an ornate desk.) What do you want, captain?",,
ufp_pras_greeting_opt_turnin,ufp_pras_greeting_main_opts,,,,10:ufp_pras_opt_turnin:Turn in AI cores,
ufp_pras_greeting_opt_nevermind,ufp_pras_greeting_main_opts,,,,11:ufp_pras_opt_nevermind:Never mind about turning AI cores.,
ufp_pras_greeting_opt_visitor,ufp_pras_greeting_main_opts,,,,12:ufp_pras_opt_visitor:I'm a visitor.,
,,,,,,
ufp_pras_on_turnin,DialogOptionSelected,$option == ufp_pras_opt_turnin,Event_PrasVerification turnin,,,
ufp_pras_on_nevermind,DialogOptionSelected,$option == ufp_pras_opt_nevermind,FireAll ufp_pras_greeting_main_opts,Right. Let's talk about something else.,,
ufp_pras_on_visitor,DialogOptionSelected,$option == ufp_pras_opt_visitor,FireAll ufp_pras_visitor_opts,A visitor for me? I don't recognize you captain. Are you an ally?,,
,,,,,,
ufp_pras_greeting_opt_no,ufp_pras_visitor_opts,,,,10:ufp_pras_opt_no:No,
ufp_pras_greeting_opt_yes,ufp_pras_visitor_opts,,,,11:ufp_pras_opt_yes:Yes,
ufp_pras_greeting_opt_leave,ufp_pras_visitor_opts,,,,12:ufp_pras_opt_leave:Leave,
,,,,,,
ufp_pras_on_no,DialogOptionSelected,$option == ufp_pras_opt_no,Event_PrasVerification no,Then off with you!,,
ufp_pras_on_leave,DialogOptionSelected,$option == ufp_pras_opt_leave,Event_PrasVerification leave,Wise of you. … Oaf.,,
ufp_pras_on_yes,DialogOptionSelected,$option == ufp_pras_opt_yes,"Event_PrasVerification yes 
FireAll ufp_pras_verify_opts","If you are an ally, you will need to give me the identification pin to prove so.",,
,,,,,,
ufp_pras_verify_opt,ufp_pras_verify_opts,!$global.$ufp_pras_verified score:1000,,,13:ufp_pras_opt_verify:Enter identification pin,
ufp_pras_verify_leave,ufp_pras_verify_opts,,,,14:ufp_pras_opt_verify_leave:Leave,
ufp_pras_on_verify_leave,DialogOptionSelected,$option == ufp_pras_opt_verify_leave,Event_PrasVerification forgetCode,Have you forgotten your code? Off with you…,,
,,,,,,
ufp_pras_on_verify,DialogOptionSelected,$option == ufp_pras_opt_verify,Event_PrasVerification openInput,,,
ufp_pras_verify_consumed,PopulateDialog,$global.$ufp_pras_verificationAttempted == true score:100,,,,
ufp_pras_verified_success,PopulateDialog,$global.$ufp_pras_verified == true score:2000,FireAll ufp_pras_curator_opts,AH! A fellow curator! A pleasure to meet you.,,
ufp_pras_verified_failure,PopulateDialog,$global.$ufp_pras_verificationAttempted == true !$global.$ufp_pras_verified score:2000,Event_PrasVerification attack,Wrong. Security!,,
,,,,,,
,,,,,,
ufp_pras_curator_opt_yes,ufp_pras_curator_opts,,,,30:ufp_pras_curator_yes:Yes?,
ufp_pras_curator_opt_sure,ufp_pras_curator_opts,,,,31:ufp_pras_curator_sure:Sure?,
ufp_pras_curator_opt_imnot,ufp_pras_curator_opts,,,,32:ufp_pras_curator_imnot:I'm not.,
,,,,,,
ufp_pras_curator_imnot_on,DialogOptionSelected,$option == ufp_pras_curator_imnot,Event_PrasVerification attack,You're not?! How did you get the code?! SECURITY!,,
,,,,,,
ufp_pras_curator_yes_on,DialogOptionSelected,$option == ufp_pras_curator_yes,FireAll ufp_pras_dockyard_opts,"As a fellow curator of the finer things in life, I can entrust you with my finest possession. Remember, it's a loaner. Don't scratch the paint. Once aboard, you will find a data pad with further instructions. Fail me, and the loan will be... terminated.",,
ufp_pras_dockyard_proceed,ufp_pras_dockyard_opts,,,,40:ufp_pras_dockyard_go:Proceed to Dockyard,
ufp_pras_dockyard_go_on,DialogOptionSelected,$option == ufp_pras_dockyard_go,Event_PrasVerification reward,,,
ufp_pras_dockyard_leave,ufp_pras_dockyard_opts,,,,41:ufp_pras_dockyard_leave:Leave Dockyard,
ufp_pras_dockyard_leave_on,DialogOptionSelected,$option == ufp_pras_dockyard_leave,Event_PrasVerification leave,,,
,,,,,,
ufp_pras_curator_sure_on,DialogOptionSelected,$option == ufp_pras_curator_sure,FireAll ufp_pras_suspicion_opts,You don't seem sure. Do I have to call security?,,
ufp_pras_suspicion_yes,ufp_pras_suspicion_opts,,,,49:ufp_pras_suspicion_yes:Yes,
ufp_pras_suspicion_yes_on,DialogOptionSelected,$option == ufp_pras_suspicion_yes,Event_PrasVerification attack,,50:ufp_pras_sure_lie:I can't lie. I'm not.,
ufp_pras_sure_lie,ufp_pras_sure_opts,,,,,
ufp_pras_sure_lie_on,DialogOptionSelected,$option == ufp_pras_sure_lie,Event_PrasVerification attack,I've been tricked! Security!,,
,,,,,,
ufp_pras_suspicion_mona,ufp_pras_suspicion_opts,,,,51:ufp_pras_suspicion_mona:I love the Mona Lisa!,
ufp_pras_mona_on,DialogOptionSelected,$option == ufp_pras_suspicion_mona,FireAll ufp_pras_mona_opts,"The, Mona Lisa? Surely you mean, The, Mona Lisa?",,
ufp_pras_mona_double,ufp_pras_mona_opts,,,,60:ufp_pras_mona_double:I said what I said.,
ufp_pras_mona_double_on,DialogOptionSelected,$option == ufp_pras_mona_double,Event_PrasVerification attack,,,
,,,,,,
ufp_pras_suspicion_certain,ufp_pras_suspicion_opts,,,52:ufp_pras_suspicion_certain:Of course not. I'm certain,,
ufp_pras_certain_on,DialogOptionSelected,$option == ufp_pras_suspicion_certain,FireAll ufp_pras_trust_opts,"Yes, yes, fellow curator. Even those with much can feel overwhelmed in such a place.",,
ufp_pras_trust_continue,ufp_pras_trust_opts,,,,70:ufp_pras_trust_continue:Surely this is not it?,
ufp_pras_trust_continue_on,DialogOptionSelected,$option == ufp_pras_trust_continue,FireAll ufp_pras_dockyard_opts,"No, no. I can trust you with something dear to me. Visit my dockyard. 
A vessel awaits. This is a loan. Fail me, and there will be consequences.",,
#END PRAS MANSION,,,,,,
,,,,,,
# OPTIONAL DEBUG (remove for release):,,,,,,
ufp_pras_add_attack,PopulateOptions,,,,99:ufp_pras_opt_attack:(DEBUG) Provoke Culling TaskForce,
ufp_pras_on_attack,DialogOptionSelected,$option == ufp_pras_opt_attack,Event_PrasVerification attack,,,
#END OPTIONAL DEBUG (remove for release):,,,,,,
